Owner,Symptoms,Warning Lights,Last Service Date
Daniel Harrell,Overheating,ABS Warning Light,2022-12-19
Maria Ponce,Overheating,ABS Warning Light,2022-11-18
Megan Russell,Overheating,Battery Warning Light,2022-07-28
Madeline Henderson,Overheating,Check Engine Light,2023-04-04
Brian West,Poor acceleration,Battery Warning Light,2024-02-04
Wesley Lee,Overheating,Brake Warning Light,2024-01-08
Travis Decker,Battery issues,ABS Warning Light,2023-11-22
Robert Briggs,Overheating,Check Engine Light,2024-01-26
Andrea Gonzalez,Overheating,Battery Warning Light,2024-06-16
Jeremy Hill,Battery issues,Brake Warning Light,2024-05-09
Traci Deleon,Battery issues,Check Engine Light,2023-07-20
Robert Thomas,Brake issues,Battery Warning Light,2023-06-24
Mr. Brandon Wheeler,Overheating,Battery Warning Light,2023-03-13
Sean Jackson,Overheating,Check Engine Light,2023-07-23
Lisa Fox,Strange noise in engine,Battery Warning Light,2023-07-27
Matthew Mitchell,Strange noise in engine,Brake Warning Light,2023-04-23
Daniel Mooney,Brake issues,ABS Warning Light,2022-07-30
Francisco Townsend,Poor acceleration,ABS Warning Light,2024-01-12
Natalie Soto,Brake issues,ABS Warning Light,2023-10-29
Traci Montgomery,Strange noise in engine,Battery Warning Light,2024-05-29
Michael Tanner,Poor acceleration,Check Engine Light,2022-09-02
Erik Thomas,Strange noise in engine,Brake Warning Light,2024-06-16
Michael Skinner,Battery issues,Check Engine Light,2024-03-01
Jeremy Howard,Brake issues,Check Engine Light,2022-10-14
Amber Bates,Overheating,Battery Warning Light,2022-08-05
Jessica Jenkins,Overheating,Battery Warning Light,2023-03-12
Erin Beck,Strange noise in engine,Brake Warning Light,2023-04-10
David Abbott,Battery issues,Battery Warning Light,2023-03-14
Traci Daniel,Overheating,Battery Warning Light,2023-07-27
Michael Hernandez,Poor acceleration,Check Engine Light,2023-09-17
Charles Robertson,Brake issues,Battery Warning Light,2024-02-16
Sean Jackson,Strange noise in engine,Brake Warning Light,2023-02-19
Jonathan Ferguson,Overheating,Battery Warning Light,2022-09-29
Michael Richardson,Brake issues,ABS Warning Light,2023-10-09
David Webb,Poor acceleration,Battery Warning Light,2022-08-07
Kevin Caldwell,Overheating,ABS Warning Light,2022-11-03
David Carter,Brake issues,ABS Warning Light,2023-02-24
Jason Walker,Battery issues,ABS Warning Light,2023-10-03
James Jones,Poor acceleration,ABS Warning Light,2024-02-23
Alicia Dougherty,Brake issues,ABS Warning Light,2024-03-23
Sharon Jones,Strange noise in engine,Battery Warning Light,2024-06-28
Miss Laura Curtis,Strange noise in engine,ABS Warning Light,2022-10-13
Jamie Hopkins,Brake issues,ABS Warning Light,2023-05-05
Christine Osborne,Strange noise in engine,Battery Warning Light,2022-11-07
Steven May,Battery issues,Brake Warning Light,2022-12-21
Jennifer Williams,Brake issues,ABS Warning Light,2023-07-17
Donna Alvarado,Battery issues,ABS Warning Light,2022-11-05
Michelle Scott,Brake issues,Battery Warning Light,2023-05-31
Steven Roach,Poor acceleration,Check Engine Light,2023-11-22
Melanie Smith,Strange noise in engine,Brake Warning Light,2023-11-20
