Owner,Service Date,Service Type,Parts Replaced
Daniel Harrell,2021-12-30,Brake Repair,Transmission Fluid
Daniel Harrell,2021-07-09,Brake Repair,Brake Pads
Maria Ponce,2023-12-21,Oil Change,Battery
Maria Ponce,2022-03-10,Brake Repair,Battery
Maria Ponce,2022-03-24,Oil Change,Brake Pads
Megan Russell,2021-04-12,Oil Change,Conductors
Megan Russell,2020-10-15,Brake Repair,Spark Plugs
Madeline Henderson,2020-11-16,Brake Repair,Brake Pads
Madeline Henderson,2022-08-04,Battery Replacement,Brake Pads
Madeline Henderson,2019-08-26,Transmission Fix,Spark Plugs
Madeline Henderson,2020-10-05,Oil Change,Oil Filter
Brian West,2023-09-27,Oil Change,Oil Filter
Brian West,2021-04-02,Oil Change,Spark Plugs
Brian West,2023-02-23,Transmission Fix,Spark Plugs
Brian West,2024-04-02,Battery Replacement,Conductors
Wesley Lee,2019-10-11,Transmission Fix,Conductors
Wesley Lee,2021-08-28,Transmission Fix,Battery
Travis Decker,2023-05-10,Transmission Fix,Transmission Fluid
Travis Decker,2020-06-03,Transmission Fix,Brake Pads
Robert Briggs,2023-11-11,Battery Replacement,Oil Filter
Robert Briggs,2020-03-07,Oil Change,Spark Plugs
Robert Briggs,2023-06-15,Brake Repair,Battery
Robert Briggs,2024-06-11,Brake Repair,Oil Filter
Andrea Gonzalez,2021-01-07,Oil Change,Transmission Fluid
Jeremy Hill,2023-12-17,Brake Repair,Battery
Jeremy Hill,2021-08-06,Battery Replacement,Battery
Jeremy Hill,2020-09-22,Oil Change,Transmission Fluid
Traci Deleon,2023-06-22,Oil Change,Spark Plugs
Traci Deleon,2024-03-12,Battery Replacement,Battery
Traci Deleon,2021-06-01,Battery Replacement,Spark Plugs
Robert Thomas,2023-10-15,Battery Replacement,Oil Filter
Mr. Brandon Wheeler,2022-07-28,Brake Repair,Brake Pads
Sean Jackson,2022-06-02,Battery Replacement,Battery
Lisa Fox,2023-02-08,Battery Replacement,Oil Filter
Lisa Fox,2022-07-20,Brake Repair,Battery
Matthew Mitchell,2024-04-05,Oil Change,Transmission Fluid
Daniel Mooney,2023-10-23,Battery Replacement,Brake Pads
Daniel Mooney,2022-12-19,Brake Repair,Spark Plugs
Francisco Townsend,2022-02-04,Oil Change,Conductors
Francisco Townsend,2020-07-08,Brake Repair,Transmission Fluid
Francisco Townsend,2021-09-16,Transmission Fix,Oil Filter
Natalie Soto,2023-06-10,Brake Repair,Battery
Natalie Soto,2021-08-28,Brake Repair,Battery
Natalie Soto,2021-03-20,Oil Change,Battery
Natalie Soto,2020-02-16,Transmission Fix,Conductors
Traci Montgomery,2020-01-01,Oil Change,Conductors
Traci Montgomery,2021-04-28,Battery Replacement,Oil Filter
Michael Tanner,2020-05-01,Oil Change,Oil Filter
Michael Tanner,2023-04-28,Transmission Fix,Spark Plugs
Erik Thomas,2019-12-12,Brake Repair,Conductors
Erik Thomas,2021-06-13,Battery Replacement,Brake Pads
Erik Thomas,2020-09-27,Brake Repair,Conductors
Erik Thomas,2023-04-03,Brake Repair,Brake Pads
Michael Skinner,2020-12-04,Transmission Fix,Brake Pads
Michael Skinner,2023-02-28,Oil Change,Oil Filter
Jeremy Howard,2023-02-05,Brake Repair,Spark Plugs
Jeremy Howard,2021-08-25,Transmission Fix,Oil Filter
Amber Bates,2024-04-05,Battery Replacement,Conductors
Amber Bates,2024-01-06,Brake Repair,Conductors
Amber Bates,2022-10-14,Brake Repair,Conductors
Amber Bates,2024-05-12,Brake Repair,Spark Plugs
Jessica Jenkins,2022-08-29,Battery Replacement,Spark Plugs
Jessica Jenkins,2022-08-16,Battery Replacement,Spark Plugs
Jessica Jenkins,2023-06-17,Brake Repair,Oil Filter
Jessica Jenkins,2021-09-23,Transmission Fix,Transmission Fluid
Erin Beck,2024-03-22,Oil Change,Transmission Fluid
Erin Beck,2022-04-20,Battery Replacement,Transmission Fluid
Erin Beck,2019-12-27,Oil Change,Battery
Erin Beck,2021-02-02,Battery Replacement,Battery
David Abbott,2019-08-11,Transmission Fix,Oil Filter
Traci Daniel,2022-10-25,Brake Repair,Conductors
Traci Daniel,2021-05-05,Oil Change,Brake Pads
Traci Daniel,2022-07-20,Transmission Fix,Oil Filter
Michael Hernandez,2024-01-26,Battery Replacement,Conductors
Charles Robertson,2021-06-15,Transmission Fix,Spark Plugs
Charles Robertson,2023-07-15,Brake Repair,Spark Plugs
Sean Jackson,2022-08-03,Battery Replacement,Conductors
Jonathan Ferguson,2021-11-10,Battery Replacement,Battery
Jonathan Ferguson,2020-06-21,Battery Replacement,Battery
Michael Richardson,2024-04-12,Brake Repair,Brake Pads
David Webb,2022-03-02,Oil Change,Conductors
Kevin Caldwell,2024-06-21,Brake Repair,Transmission Fluid
Kevin Caldwell,2022-01-16,Oil Change,Conductors
Kevin Caldwell,2021-08-23,Transmission Fix,Battery
David Carter,2023-07-06,Brake Repair,Oil Filter
Jason Walker,2020-08-31,Brake Repair,Conductors
James Jones,2023-01-13,Battery Replacement,Brake Pads
James Jones,2020-08-29,Oil Change,Transmission Fluid
Alicia Dougherty,2019-11-04,Brake Repair,Brake Pads
Alicia Dougherty,2023-06-07,Transmission Fix,Brake Pads
Alicia Dougherty,2022-11-14,Transmission Fix,Brake Pads
Alicia Dougherty,2021-06-02,Battery Replacement,Conductors
Sharon Jones,2022-03-09,Battery Replacement,Transmission Fluid
Sharon Jones,2019-11-28,Transmission Fix,Conductors
Sharon Jones,2022-12-09,Oil Change,Battery
Miss Laura Curtis,2019-10-15,Brake Repair,Brake Pads
Miss Laura Curtis,2023-12-07,Oil Change,Brake Pads
Miss Laura Curtis,2022-12-15,Transmission Fix,Spark Plugs
Miss Laura Curtis,2021-11-11,Battery Replacement,Conductors
Jamie Hopkins,2021-07-18,Transmission Fix,Battery
Jamie Hopkins,2022-12-26,Transmission Fix,Oil Filter
Jamie Hopkins,2022-07-18,Transmission Fix,Battery
Christine Osborne,2021-02-23,Battery Replacement,Conductors
Steven May,2022-04-27,Oil Change,Conductors
Steven May,2021-12-03,Oil Change,Brake Pads
Jennifer Williams,2022-07-02,Brake Repair,Battery
Jennifer Williams,2020-06-08,Transmission Fix,Spark Plugs
Jennifer Williams,2019-10-21,Brake Repair,Conductors
Jennifer Williams,2023-07-28,Battery Replacement,Brake Pads
Donna Alvarado,2021-06-26,Brake Repair,Brake Pads
Donna Alvarado,2024-04-15,Brake Repair,Oil Filter
Michelle Scott,2019-09-15,Oil Change,Battery
Steven Roach,2022-03-19,Battery Replacement,Battery
Steven Roach,2022-04-14,Transmission Fix,Spark Plugs
Melanie Smith,2022-02-09,Battery Replacement,Battery
Melanie Smith,2023-06-15,Oil Change,Battery
